AÑO,2020,
ENTIDAD,All,
,,
Row Labels,Sum of SUMA ASEGURADA EXPUESTA,Sum of SUMA ASEGURADA
Abogados," $60,585,871,536.00 "," $91,883,152,656.00 "
Acabado y recubrimiento de textiles," $3,051,458,578.00 "," $3,312,497,331.00 "
Actividades administrativas de instituciones de bienestar social," $63,187,697.00 "," $69,367,084.00 "
Actividades de seguridad nacional," $156,214,868.00 "," $194,000,001.00 "
Actuarios," $24,000,000.00 "," $24,000,000.00 "
Acuicultura animal," $93,829,416.00 "," $94,051,334.00 "
Administracion publica en general," $62,260,735,101.00 "," $69,013,030,749.00 "
Administradores," $156,485,999,681.00 "," $179,762,609,593.00 "
Agencias de viajes y servicios de reservaciones," $4,080,052,094.00 "," $5,351,365,192.00 "
Agentes," $64,605,549,420.00 "," $73,313,539,245.00 "
"Agentes y representantes de artistas, deportistas y similares"," $129,859,131.00 "," $151,318,699.00 "
Alquiler de articulos para el hogar," $2,047,846,311.00 "," $2,080,873,183.00 "
Alquiler de autobuses con chofer," $404,059,211.00 "," $435,115,533.00 "
"Alquiler de automoviles, camiones y otros transportes terrestres"," $3,156,418,897.00 "," $4,168,835,817.00 "
"Alquiler de maquinaria y equipo industrial, comercial y de servicios"," $11,021,522,812.00 "," $15,129,511,731.00 "
Alquiler sin intermediacion de viviendas y otros inmuebles," $20,596,007,636.00 "," $31,667,035,281.00 "
Artistas y tecnicos independientes," $1,566,707,689.00 "," $1,891,290,700.00 "
Aserrado y conservacion de la madera," $1,498,996,012.00 "," $1,507,126,074.00 "
Asilos y otras residencias para el cuidado de ancianos y discapacitados," $3,683,352,989.00 "," $3,875,770,514.00 "
"Asociaciones y organizaciones comerciales, laborales, profesionales y recreativas"," $82,729,959,972.00 "," $85,835,945,490.00 "
"Asociaciones y organizaciones religiosas, politicas y civiles"," $9,424,219,513.00 "," $11,710,981,097.00 "
Autotransporte de carga especializado," $8,866,608,970.00 "," $9,444,549,241.00 "
Autotransporte de carga general," $29,607,159,044.00 "," $48,765,276,576.00 "
Banca central," $1,851,105,957.00 "," $3,408,783,094.00 "
Banca multiple," $96,955,203,603.00 "," $169,554,341,174.00 "
Bolsa de valores," $269,258,300.00 "," $269,258,300.00 "
Campamentos y albergues recreativos," $1,128,359,746.00 "," $1,271,499,295.00 "
"Captacion, tratamiento y suministro de agua"," $27,022,712,937.00 "," $30,847,063,898.00 "
Casa Habitaciòn," $4,384,931,066,462.00 "," $5,586,579,753,914.00 "
Casa Habitaciòn (Credito Hipotecario)," $593,567,085,247.00 "," $646,990,029,073.00 "
Casa Habitaciòn propia," $108,765,328,467.00 "," $248,858,601,387.00 "
Casa Habitaciòn rentada," $220,283,293,409.00 "," $322,153,149,417.00 "
"Casas de bolsa, casas de cambio y centros cambiarios"," $424,348,382.00 "," $568,707,046.00 "
"Casinos, loterias y otros juegos de azar"," $11,127,157,641.00 "," $11,626,775,622.00 "
Caza y captura," $2,381,870.00 "," $4,819,500.00 "
Centros generales de alquiler," $6,111,844,407.00 "," $7,767,398,634.00 "
"Centros nocturnos, bares, cantinas y similares"," $309,585,578,998.00 "," $473,442,243,916.00 "
Centros para la atencion de pacientes que no requieren hospitalizacion," $3,317,178,970.00 "," $6,143,577,454.00 "
"Cimentaciones, montaje de estructuras prefabricadas y trabajos en exteriores"," $11,056,192,691.00 "," $11,228,744,055.00 "
Comercio al por mayor de alimentos y abarrotes," $3,218,212,163,773.00 "," $3,263,010,458,228.00 "
"Comercio al por mayor de articulos de papeleria, libros, revistas y periodicos"," $23,474,318,396.00 "," $29,029,105,288.00 "
"Comercio al por mayor de articulos de perfumeria, joyeria y otros accesorios de vestir"," $19,828,278,672.00 "," $24,160,738,882.00 "
Comercio al por mayor de bebidas y tabaco," $75,541,158,260.00 "," $78,524,974,876.00 "
Comercio al por mayor de camiones," $64,820,350,989.00 "," $64,933,461,459.00 "
"Comercio al por mayor de discos, juguetes y articulos deportivos"," $70,936,676,606.00 "," $72,676,232,901.00 "
Comercio al por mayor de electrodomesticos menores y aparatos de linea blanca," $36,758,579,982.00 "," $45,498,374,897.00 "
"Comercio al por mayor de maquinaria y equipo agropecuario, forestal y para la pesca"," $3,335,003,296.00 "," $3,959,443,415.00 "
Comercio al por mayor de maquinaria y equipo para la industria," $33,939,003,846.00 "," $45,043,175,480.00 "
Comercio al por mayor de maquinaria y equipo para los servicios y para actividades comerciales," $6,589,215,278.00 "," $6,938,769,811.00 "
"Comercio al por mayor de maquinaria, mobiliario y equipo de uso general"," $10,056,418,425.00 "," $12,487,405,315.00 "
Comercio al por mayor de materiales de desecho," $1,101,365,283.00 "," $1,259,907,372.00 "
Comercio al por mayor de materias primas agropecuarias," $4,580,213,555.00 "," $5,322,937,554.00 "
Comercio al por mayor de materias primas para la industria," $246,230,763,428.00 "," $250,818,605,544.00 "
Comercio al por mayor de productos farmaceuticos," $144,849,598,800.00 "," $195,297,051,827.00 "
Comercio al por mayor de productos textiles y calzado," $47,262,055,634.00 "," $56,876,776,035.00 "
Comercio al por mayor por medios masivos de comunicacion y otros medios," $1,038,934,117.00 "," $1,069,151,108.00 "
Comercio al por menor de alimentos," $145,494,498,297.00 "," $157,549,462,836.00 "
"Comercio al por menor de articulos de ferreteria, tlapaleria y vidrios"," $152,177,681,429.00 "," $186,963,335,741.00 "
"Comercio al por menor de articulos de papeleria, libros y periodicos"," $15,075,757,602.00 "," $18,827,958,491.00 "
Comercio al por menor de articulos de perfumeria y joyeria," $31,208,452,658.00 "," $33,953,351,871.00 "
Comercio al por menor de articulos para el cuidado de la salud," $10,101,781,638.00 "," $16,275,732,186.00 "
Comercio al por menor de articulos para el esparcimiento," $176,727,151,140.00 "," $182,588,894,469.00 "
Comercio al por menor de articulos para la decoracion de interiores," $6,458,412,546.00 "," $8,874,651,279.00 "
Comercio al por menor de articulos usados," $226,755,479.00 "," $286,837,771.00 "
Comercio al por menor de automoviles y camionetas," $120,290,032,245.00 "," $138,136,736,924.00 "
Comercio al por menor de bebidas y tabaco," $7,589,402,074.00 "," $11,845,647,550.00 "
Comercio al por menor de calzado," $228,278,678,204.00 "," $238,092,385,694.00 "
"Comercio al por menor de combustibles, aceites y grasas lubricantes"," $812,799,990,141.00 "," $1,335,366,227,012.00 "
"Comercio al por menor de computadoras, telefonos y otros aparatos de comunicacion"," $45,419,497,928.00 "," $50,983,868,121.00 "
"Comercio al por menor de mascotas, regalos, articulos religiosos, artesanias, articulos en tiendas importadoras y otros articulos de uso personal"," $15,714,309,654.00 "," $17,631,172,313.00 "
Comercio al por menor de motocicletas y otros vehiculos de motor," $20,368,768,576.00 "," $22,149,798,626.00 "
Comercio al por menor de muebles para el hogar y otros enseres domesticos," $459,942,807,658.00 "," $471,828,979,550.00 "
"Comercio al por menor de partes y refacciones para automoviles, camionetas y camiones"," $237,359,275,576.00 "," $298,787,941,175.00 "
"Comercio al por menor de productos textiles, excepto ropa"," $8,651,454,414.00 "," $10,476,428,381.00 "
Comercio al por menor de ropa y accesorios de vestir," $649,306,854,627.00 "," $669,890,557,196.00 "
Comercio al por menor en tiendas de autoservicio," $66,514,964,075.00 "," $104,918,418,454.00 "
Comercio al por menor en tiendas departamentales," $2,143,226,092,733.00 "," $2,207,799,759,858.00 "
Comercio al por menor por medios masivos de comunicacion y otros medios," $225,060,614,612.00 "," $260,067,135,857.00 "
Compañias y grupos de espectaculos artisticos," $81,286,226,171.00 "," $83,009,470,969.00 "
Comunicadores," $103,337,017.00 "," $319,816,055.00 "
Confeccion de accesorios de vestir," $5,280,982,355.00 "," $8,477,351,540.00 "
"Confeccion de alfombras, blancos y similares"," $7,317,614,437.00 "," $7,842,959,011.00 "
"Confeccion de otros productos textiles, excepto prendas de vestir"," $25,916,436,293.00 "," $27,891,933,966.00 "
Confeccion de prendas de vestir," $30,221,189,119.00 "," $32,082,721,688.00 "
"Conservacion de frutas, verduras y guisos"," $90,461,876,977.00 "," $99,073,413,674.00 "
"Construccion de obras para el abastecimiento de agua, petroleo, gas, electricidad y telecomunicaciones"," $80,524,611,314.00 "," $104,388,716,707.00 "
Construccion de vias de comunicacion," $11,958,981,606.00 "," $19,464,103,686.00 "
Consultorios dentales," $4,026,517,667.00 "," $5,138,641,488.00 "
Consultorios medicos," $20,338,767,500.00 "," $29,824,815,276.00 "
Contadores," $137,314,357,214.00 "," $142,051,718,393.00 "
Creacion y difusion de contenido exclusivamente a traves de Internet," $1,685,689,959.00 "," $1,692,276,020.00 "
Cultivo de frutales y nueces," $371,154,107.00 "," $639,040,615.00 "
Cultivo de granos y semillas oleaginosas," $8,619,771,695.00 "," $12,548,372,889.00 "
Cultivo de hortalizas," $8,674,278,487.00 "," $8,723,984,039.00 "
"Cultivo en invernaderos y viveros, y floricultura"," $2,811,021,981.00 "," $3,534,843,470.00 "
Curtido y acabado de cuero y piel," $6,646,244,576.00 "," $11,494,385,683.00 "
Deportistas," $16,209,707.00 "," $69,020,100.00 "
Deportistas y equipos deportivos profesionales y semiprofesionales," $12,544,151,791.00 "," $16,790,325,701.00 "
Direccion de corporativos y empresas," $8,136,878,899.00 "," $8,144,018,899.00 "
Diseñadores," $167,136,508.00 "," $191,154,300.00 "
Diseño especializado," $2,233,211,791.00 "," $3,008,621,585.00 "
"Distribucion por suscripcion de programas de television, excepto a traves de Internet"," $332,607,636.00 "," $338,993,560.00 "
Division de terrenos y construccion de obras de urbanizacion," $58,984,852,136.00 "," $60,205,960,173.00 "
Economistas," $2,302,833,080.00 "," $2,361,810,789.00 "
"Edicion de periodicos, revistas, libros y similares, excepto a traves de Internet"," $1,773,635,967,393.00 "," $3,400,344,329,319.00 "
"Edicion de software, excepto a traves de internet"," $2,820,492,534.00 "," $2,874,754,879.00 "
Edificacion no residencial (construcciòn)," $328,471,557,428.00 "," $435,689,553,215.00 "
Edificacion residencial (construcciòn)," $376,529,486,241.00 "," $542,123,076,353.00 "
Elaboracion de alimentos para animales," $37,938,862,101.00 "," $42,946,871,095.00 "
"Elaboracion de azucar, chocolates, dulces y similares"," $35,025,020,909.00 "," $40,700,109,166.00 "
Elaboracion de productos de panaderia y tortillas," $62,949,047,633.00 "," $70,669,431,602.00 "
Elaboracion de productos lacteos," $14,645,899,323.00 "," $19,927,273,647.00 "
"Escuelas comerciales, de computacion y de capacitacion para ejecutivos"," $1,073,713,870.00 "," $1,299,026,960.00 "
"Escuelas de educacion basica, media y especial"," $77,000,536,303.00 "," $105,498,314,960.00 "
Escuelas de educacion postbachillerato no universitaria," $2,002,499,960.00 "," $3,092,165,072.00 "
Escuelas de educacion superior," $10,674,464,687.00 "," $13,248,021,317.00 "
Escuelas de oficios," $2,845,219,895.00 "," $3,593,746,847.00 "
Estacionamientos y pensiones para automoviles," $54,477,344,173.00 "," $75,082,843,002.00 "
Explotacion avicola," $6,951,937,438.00 "," $7,090,941,883.00 "
Explotacion de bovinos," $923,348,849.00 "," $954,935,052.00 "
Explotacion de otros animales," $1,733,177,476.00 "," $2,184,183,856.00 "
Explotacion de ovinos y caprinos," $1,086,941,736.00 "," $1,092,887,315.00 "
Explotacion de porcinos," $199,222,036.00 "," $248,808,247.00 "
Extraccion de petroleo y gas," $95,899,936,800.00 "," $97,909,946,176.00 "
Fabricacion de accesorios de iluminacion," $4,097,553,421.00 "," $4,346,715,349.00 "
"Fabricacion de alambre, productos de alambre y resortes"," $3,681,410,229.00 "," $3,885,644,702.00 "
Fabricacion de aparatos electricos de uso domestico," $45,316,786,088.00 "," $46,278,331,621.00 "
Fabricacion de automoviles y camiones," $289,203,164,524.00 "," $293,612,003,559.00 "
"Fabricacion de cal, yeso y productos de yeso"," $8,232,016,809.00 "," $8,613,238,444.00 "
"Fabricacion de calderas, tanques y envases metalicos"," $3,735,021,167.00 "," $4,243,075,794.00 "
Fabricacion de calzado," $33,437,590,137.00 "," $36,303,030,954.00 "
Fabricacion de carrocerias y remolques," $4,750,254,518.00 "," $4,904,251,527.00 "
"Fabricacion de celulosa, papel y carton"," $55,941,451,252.00 "," $57,162,085,568.00 "
Fabricacion de cemento y productos de concreto," $16,427,146,259.00 "," $19,910,604,502.00 "
Fabricacion de componentes electronicos," $54,764,906,565.00 "," $67,225,489,723.00 "
Fabricacion de computadoras y equipo periferico," $50,370,859,771.00 "," $51,315,067,810.00 "
Fabricacion de embarcaciones," $402,567,818.00 "," $418,075,065.00 "
Fabricacion de equipo aeroespacial," $3,726,721,187.00 "," $3,951,775,458.00 "
Fabricacion de equipo de audio y de video," $1,153,413,169.00 "," $1,662,663,966.00 "
Fabricacion de equipo de comunicacion," $4,139,244,708.00 "," $4,190,207,929.00 "
Fabricacion de equipo de generacion y distribucion de energia electrica," $40,757,219,932.00 "," $41,121,733,599.00 "
Fabricacion de equipo ferroviario," $1,892,677,275.00 "," $2,354,033,372.00 "
"Fabricacion de equipo y material para uso medico, dental y para laboratorio"," $21,746,758,258.00 "," $23,899,932,513.00 "
Fabricacion de estructuras metalicas y productos de herreria," $11,531,880,247.00 "," $14,792,092,472.00 "
"Fabricacion de fertilizantes, pesticidas y otros agroquimicos"," $19,739,528,263.00 "," $21,441,946,631.00 "
Fabricacion de herrajes y cerraduras," $4,190,785,427.00 "," $4,191,466,798.00 "
Fabricacion de herramientas de mano sin motor y utensilios de cocina metalicos," $8,188,089,265.00 "," $8,515,089,051.00 "
"Fabricacion de hules, resinas y fibras quimicas"," $11,251,249,682.00 "," $13,569,342,680.00 "
"Fabricacion de instrumentos de navegacion, medicion, medicos y de control"," $4,349,290,854.00 "," $5,665,518,497.00 "
"Fabricacion de jabones, limpiadores y preparaciones de tocador"," $31,351,944,758.00 "," $38,324,674,802.00 "
Fabricacion de laminados y aglutinados de madera," $2,532,287,432.00 "," $2,687,818,272.00 "
Fabricacion de maquinaria y equipo para el comercio y los servicios," $30,539,832,592.00 "," $38,771,995,565.00 "
Fabricacion de maquinaria y equipo para la industria metalmecanica," $15,739,692,570.00 "," $17,485,445,798.00 "
"Fabricacion de maquinaria y equipo para las actividades agropecuarias, para la construccion y para la industria extractiva"," $14,971,760,926.00 "," $22,331,021,008.00 "
"Fabricacion de maquinaria y equipo para las industrias manufactureras, excepto la metalmecanica"," $5,390,455,834.00 "," $6,577,879,829.00 "
"Fabricacion de motores de combustion interna, turbinas y transmisiones"," $24,535,566,339.00 "," $25,032,690,209.00 "
Fabricacion de muebles de oficina y estanteria," $13,625,229,439.00 "," $18,897,662,647.00 "
"Fabricacion de muebles, excepto de oficina y estanteria"," $6,413,215,078.00 "," $7,653,238,177.00 "
Fabricacion de otra maquinaria y equipo para la industria en general," $46,865,802,669.00 "," $58,511,173,797.00 "
Fabricacion de otro equipo de transporte," $3,901,833,746.00 "," $4,352,434,376.00 "
Fabricacion de otros equipos y accesorios electricos," $18,775,953,283.00 "," $20,417,152,382.00 "
Fabricacion de otros productos a base de minerales no metalicos," $3,937,886,594.00 "," $4,774,601,443.00 "
"Fabricacion de otros productos de cuero, piel y materiales sucedaneos"," $4,654,300,928.00 "," $5,783,120,197.00 "
Fabricacion de otros productos de madera," $17,815,237,673.00 "," $21,085,044,019.00 "
Fabricacion de otros productos metalicos," $75,292,051,384.00 "," $81,701,595,948.00 "
Fabricacion de otros productos quimicos," $54,804,157,548.00 "," $64,537,300,655.00 "
Fabricacion de partes para vehiculos automotores," $118,341,587,862.00 "," $131,934,416,698.00 "
"Fabricacion de pinturas, recubrimientos, adhesivos y selladores"," $37,793,309,177.00 "," $43,588,251,443.00 "
Fabricacion de productos a base de arcillas y minerales refractarios," $14,916,247,373.00 "," $16,490,867,022.00 "
Fabricacion de productos de hierro y acero de material comprado," $219,317,449,410.00 "," $234,622,661,824.00 "
Fabricacion de productos de hule," $24,771,862,200.00 "," $27,000,764,957.00 "
Fabricacion de productos de papel y carton," $18,807,188,654.00 "," $30,115,283,970.00 "
Fabricacion de productos de plastico," $217,946,813,548.00 "," $253,657,869,342.00 "
Fabricacion de productos derivados del petroleo y del carbon," $160,265,434,044.00 "," $175,697,934,315.00 "
Fabricacion de productos farmaceuticos," $446,067,539,868.00 "," $678,447,057,197.00 "
Fabricacion de productos metalicos forjados y troquelados," $2,928,529,590.00 "," $3,164,045,432.00 "
Fabricacion de productos quimicos basicos," $395,303,255,979.00 "," $410,773,365,067.00 "
Fabricacion de productos relacionados con los muebles," $6,693,367,727.00 "," $6,911,245,890.00 "
"Fabricacion de sistemas de aire acondicionado, calefaccion y de refrigeracion industrial y comercial"," $12,525,942,251.00 "," $13,602,767,749.00 "
Fabricacion de telas," $30,590,140,377.00 "," $38,848,933,280.00 "
Fabricacion de vidrio y productos de vidrio," $19,356,916,230.00 "," $23,182,667,209.00 "
Fabricacion y reproduccion de medios magneticos y opticos," $4,207,276,207.00 "," $4,761,251,664.00 "
Financieros," $45,747,689,594.00 "," $47,978,653,974.00 "
"Generacion, transmision y suministro de energia electrica"," $237,488,113,847.00 "," $352,654,703,769.00 "
Guarderias," $86,345,331,892.00 "," $89,792,850,897.00 "
Hogares con empleados domesticos," $114,865,574,445.00 "," $140,375,963,000.00 "
Hospitales de otras especialidades medicas," $542,989,293.00 "," $722,110,076.00 "
Hospitales generales," $95,890,197,688.00 "," $105,809,530,156.00 "
Hospitales psiquiatricos y para el tratamiento por abuso de substancias," $3,364,275,539.00 "," $3,373,533,214.00 "
"Hoteles, moteles y similares"," $1,933,952,909,399.00 "," $2,197,922,129,087.00 "
Imparticion de justicia y mantenimiento de la seguridad y el orden publico," $2,443,624,910.00 "," $2,502,522,886.00 "
impresion e industrias conexas," $33,004,646,435.00 "," $41,942,902,348.00 "
industria basica del hierro y del acero," $22,415,611,173.00 "," $26,467,408,066.00 "
industria de las bebidas," $61,631,566,900.00 "," $86,094,176,847.00 "
industria del aluminio," $31,826,404,322.00 "," $40,690,691,960.00 "
industria del sonido," $145,796,262.00 "," $282,285,073.00 "
industria del tabaco," $1,753,515,738.00 "," $2,822,035,490.00 "
industria filmica y del video," $2,397,042,588.00 "," $3,089,674,567.00 "
"industrias de metales no ferrosos, excepto aluminio"," $102,997,056,502.00 "," $118,681,374,824.00 "
ingenieros," $264,482,113,678.00 "," $282,949,882,982.00 "
inmobiliarias y corredores de bienes raices," $48,523,510,313.00 "," $55,343,911,132.00 "
instalaciones y equipamiento en construcciones," $93,542,559,614.00 "," $100,436,664,697.00 "
instituciones de seguros y fianzas," $21,105,790,986.00 "," $21,789,206,027.00 "
instituciones financieras de fomento economico," $16,997,661,693.00 "," $18,733,269,098.00 "
intermediacion al por mayor," $22,550,619,989.00 "," $24,063,936,506.00 "
intermediacion al por menor," $24,746,630,165.00 "," $25,611,821,945.00 "
investigadores Cientificos," $3,114,408,174.00 "," $3,464,057,500.00 "
Laboratorios medicos y de diagnostico," $112,535,792,325.00 "," $124,733,639,081.00 "
Lavanderias y tintorerias," $300,944,644,181.00 "," $308,353,247,866.00 "
Manejo de desechos y servicios de remediacion," $3,299,041,128.00 "," $3,438,374,296.00 "
Maquinado de piezas metalicas y fabricacion de tornillos," $6,114,415,963.00 "," $6,197,939,578.00 "
"Matanza, empacado y procesamiento de carne de ganado y aves"," $34,212,437,213.00 "," $45,897,192,681.00 "
Medicos," $252,893,205,947.00 "," $258,055,477,179.00 "
Mineria de carbon mineral," $258,606,326.00 "," $507,106,195.00 "
Mineria de minerales metalicos," $61,939,188,342.00 "," $62,634,682,246.00 "
Mineria de minerales no metalicos," $4,182,860,630.00 "," $4,678,966,871.00 "
Moldeo por fundicion de piezas metalicas," $22,688,340,100.00 "," $23,462,677,237.00 "
Molienda de granos y de semillas oleaginosas," $22,853,673,171.00 "," $24,778,687,007.00 "
"Museos, sitios historicos, jardines botanicos y similares"," $6,231,927,453.00 "," $7,951,350,825.00 "
Notarios," $7,799,426,253.00 "," $7,833,291,421.00 "
Nutriologos," $407,573,887.00 "," $533,459,400.00 "
Odontologos," $3,436,741,393.00 "," $3,697,022,908.00 "
Oficinas privadas," $1,973,815,419,409.00 "," $2,245,136,758,150.00 "
Oficinas publicas," $154,479,328,555.00 "," $188,800,086,980.00 "
Orfanatos y otras residencias de asistencia social," $417,062,318.00 "," $473,364,644.00 "
Organismos internacionales y extraterritoriales," $717,111,610.00 "," $825,590,727.00 "
Organos legislativos," $444,732,938.00 "," $700,108,173.00 "
"Otra actividad o servicio relacionada con la agricultura, ganaderia, aprovechamiento forestal, pesca y caza."," $1,662,201,781.00 "," $2,800,070,676.00 "
"Otra actividad o servicio relacionada con la electricidad, agua y suministro de gas por ductos al consumidor final."," $21,464,804,317.00 "," $25,485,044,684.00 "
Otra actividad o servicio relacionada con la mineria," $31,166,308,602.00 "," $31,201,826,298.00 "
Otras construcciones de ingenieria civil u obra pesada," $146,465,723,826.00 "," $172,456,227,718.00 "
Otras industrias alimentarias," $115,964,355,419.00 "," $123,500,644,526.00 "
Otras industrias manufactureras," $1,117,065,629,266.00 "," $1,274,535,535,251.00 "
Otras instituciones de intermediacion crediticia y financiera no bursatil," $150,555,658,417.00 "," $157,851,806,295.00 "
Otro producto al Comercio al por mayor," $115,612,828,276.00 "," $160,774,594,060.00 "
Otro producto al Comercio al por menor," $240,704,266,286.00 "," $360,663,591,413.00 "
Otro servicio de correo y almacenamiento," $25,565,121.00 "," $37,208,700.00 "
Otro tipo de Casa Habitaciòn," $128,274,352,727.00 "," $131,779,635,777.00 "
Otro tipo de Oficina," $399,131,538,900.00 "," $711,685,645,922.00 "
Otro transporte terrestre de pasajeros," $7,530,506,807.00 "," $7,775,682,331.00 "
Otro transporte turistico," $16,111,616,672.00 "," $18,809,470,603.00 "
Otros consultorios para el cuidado de la salud," $5,262,031,109.00 "," $5,936,271,054.00 "
Otros cultivos," $601,732,799.00 "," $790,723,309.00 "
Otros servicios de apoyo a los negocios," $8,144,831,782.00 "," $8,666,880,383.00 "
Otros servicios de informacion," $2,035,977,220.00 "," $3,409,624,750.00 "
Otros servicios de inversion e intermediacion bursatil," $8,722,073,158.00 "," $8,961,797,013.00 "
Otros servicios de telecomunicaciones," $4,923,234,601.00 "," $5,717,722,534.00 "
Otros servicios educativos," $9,862,228,875.00 "," $12,353,317,380.00 "
"Otros servicios profesionales, cientificos y tecnicos"," $166,010,018,135.00 "," $170,559,046,887.00 "
Otros servicios recreativos," $204,158,255,324.00 "," $340,159,698,143.00 "
Otros servicios relacionados con el transporte," $24,177,787,044.00 "," $36,719,508,978.00 "
Otros trabajos especializados para la construccion," $124,053,015,423.00 "," $141,415,952,579.00 "
Parques con instalaciones recreativas y casas de juegos electronicos," $20,575,033,180.00 "," $24,844,903,569.00 "
"Pensiones y casas de huespedes, y departamentos y casas amueblados con servicios de hoteleria"," $18,643,973,095.00 "," $33,299,375,573.00 "
Pesca," $491,584,448.00 "," $754,311,509.00 "
Preparacion e hilado de fibras textiles y fabricacion de hilos," $429,593,651,385.00 "," $430,900,451,842.00 "
Preparacion y envasado de pescados y mariscos," $7,514,920,443.00 "," $8,527,320,254.00 "
"Procesamiento electronico de informacion, hospedaje de paginas web y otros  servicios relacionados"," $2,047,959,410.00 "," $2,091,672,395.00 "
"Produccion de programacion de canales para sistemas de television por cable o satelitales, excepto a traves de Internet"," $3,933,738,157.00 "," $4,006,196,350.00 "
Profesionales de entretenimiento," $9,159,254,982.00 "," $13,482,712,062.00 "
Profesores," $436,485,299.00 "," $630,322,090.00 "
"Promotores de espectaculos artisticos, deportivos y similares"," $167,645,294,471.00 "," $182,681,033,048.00 "
Psiquiatras," $180,600,000.00 "," $180,600,000.00 "
Quimicos," $7,431,724,171.00 "," $7,817,147,322.00 "
Recubrimientos y terminados metalicos," $2,140,256,435.00 "," $2,234,246,657.00 "
Regulacion y fomento de actividades para mejorar y preservar el medio ambiente," $5,026,891,345.00 "," $5,168,091,332.00 "
Regulacion y fomento del desarrollo economico," $702,551,699.00 "," $703,845,750.00 "
Relaciones exteriores," $1,010,797,164.00 "," $1,029,075,366.00 "
Reparacion y mantenimiento de articulos para el hogar y personales," $160,487,383,559.00 "," $173,246,701,299.00 "
Reparacion y mantenimiento de automoviles y camiones," $163,835,123,361.00 "," $181,446,794,016.00 "
Reparacion y mantenimiento de equipo electronico y de equipo de precision," $7,367,008,046.00 "," $8,697,760,124.00 "
"Reparacion y mantenimiento de maquinaria y equipo agropecuario, industrial, comercial y de servicios"," $58,401,261,617.00 "," $60,030,576,531.00 "
"Residencias con cuidados de enfermeras para enfermos convalecientes, en rehabilitacion, incurables y terminales"," $4,492,149,386.00 "," $4,555,751,068.00 "
"Residencias para el cuidado de personas con problemas de retardo mental, salud mental y abuso de substancias"," $778,262,601.00 "," $842,290,324.00 "
Restaurantes con servicio de meseros," $707,234,808,710.00 "," $869,201,842,564.00 "
Restaurantes de autoservicio y de comida para llevar," $21,185,416,522.00 "," $26,335,992,895.00 "
Reventa de servicios de telecomunicaciones," $9,535,091.00 "," $46,820,000.00 "
"Salones y clinicas de belleza, baños publicos y bolerias"," $24,108,925,170.00 "," $34,149,941,653.00 "
Servicio de taxis y limusinas," $1,197,996,460,468.00 "," $1,331,067,244,429.00 "
Servicios combinados de apoyo en instalaciones," $9,351,921,164.00 "," $18,527,250,664.00 "
"Servicios comunitarios de alimentacion, refugio y de emergencia"," $136,464,800.00 "," $191,700,000.00 "
Servicios de administracion de negocios," $397,820,838,208.00 "," $424,567,389,617.00 "
Servicios de almacenamiento," $157,243,110,459.00 "," $211,182,219,943.00 "
"Servicios de alquiler de marcas registradas, patentes y franquicias"," $8,598,991.00 "," $20,200,000.00 "
"Servicios de ambulancias, de bancos de organos y otros servicios auxiliares al tratamiento medico"," $1,338,938,912.00 "," $1,380,945,421.00 "
Servicios de apoyo a la educacion," $1,947,248,918.00 "," $2,654,974,416.00 "
"Servicios de apoyo secretarial, fotocopiado, cobranza, investigacion crediticia y similares"," $3,104,880,840.00 "," $3,643,447,140.00 "
"Servicios de arquitectura, ingenieria y actividades relacionadas"," $16,047,576,292.00 "," $21,712,276,487.00 "
"Servicios de capacitacion para el trabajo para personas desempleadas, subempleadas o discapacitadas"," $27,369,864.00 "," $30,000,000.00 "
"Servicios de consultoria administrativa, cientifica y tecnica"," $129,441,950,675.00 "," $157,406,470,721.00 "
Servicios de consultoria en computacion," $17,596,856,789.00 "," $19,850,310,909.00 "
"Servicios de contabilidad, auditoria y servicios relacionados"," $9,064,101,382.00 "," $11,582,414,223.00 "
Servicios de empleo," $44,252,703,227.00 "," $44,631,099,041.00 "
Servicios de enfermeria a domicilio," $5,377,914,434.00 "," $5,380,785,446.00 "
Servicios de intermediacion para el transporte de carga," $1,801,920,188.00 "," $4,639,003,827.00 "
Servicios de investigacion cientifica y desarrollo," $20,859,762,962.00 "," $25,518,454,824.00 "
"Servicios de investigacion, proteccion y seguridad"," $13,489,851,370.00 "," $18,669,230,319.00 "
Servicios de limpieza," $6,200,368,342.00 "," $7,491,362,718.00 "
Servicios de mensajeria y paqueteria foranea," $299,924,985.00 "," $456,085,896.00 "
Servicios de mensajeria y paqueteria local," $1,271,999,376.00 "," $1,275,306,876.00 "
Servicios de orientacion y trabajo social," $147,854,685.00 "," $172,165,528.00 "
Servicios de preparacion de alimentos por encargo," $14,342,440,065.00 "," $20,228,388,516.00 "
Servicios de publicidad y actividades relacionadas," $12,736,637,938.00 "," $16,081,700,887.00 "
Servicios de revelado de fotografias y otros servicios personales," $10,282,383,010.00 "," $13,856,387,046.00 "
Servicios de satelites," $187,957,075.00 "," $220,161,761.00 "
Servicios funerarios y administracion de cementerios," $1,614,032,676.00 "," $1,861,958,688.00 "
Servicios legales," $24,301,114,321.00 "," $28,816,960,196.00 "
Servicios postales," $409,135,040.00 "," $429,131,740.00 "
Servicios relacionados con el aprovechamiento forestal," $197,448,332.00 "," $206,585,062.00 "
Servicios relacionados con el transporte aereo," $5,098,698,493,670.00 "," $5,134,348,215,900.00 "
Servicios relacionados con el transporte por agua," $1,252,046,675,115.00 "," $1,281,730,863,391.00 "
Servicios relacionados con el transporte por carretera," $916,645,684.00 "," $1,101,017,115.00 "
Servicios relacionados con el transporte por ferrocarril," $2,304,083,939.00 "," $2,407,651,410.00 "
Servicios relacionados con la agricultura," $5,393,211,957.00 "," $5,446,458,691.00 "
Servicios relacionados con la ganaderia," $5,211,824,756.00 "," $6,335,904,329.00 "
Servicios relacionados con la intermediacion crediticia," $4,103,360,405.00 "," $4,197,397,225.00 "
Servicios relacionados con la mineria," $2,521,215,869.00 "," $2,912,759,085.00 "
Servicios relacionados con los seguros y las fianzas," $7,638,902,669.00 "," $8,956,867,531.00 "
Servicios relacionados con los servicios inmobiliarios," $22,068,373,370.00 "," $26,635,633,534.00 "
Servidores Publicos," $51,920,386,571.00 "," $60,346,183,791.00 "
Silvicultura," $178,884,688.00 "," $264,672,079.00 "
Suministro de gas por ductos al consumidor final," $49,995,872,860.00 "," $65,306,435,331.00 "
Tala de arboles," $11,767,468.00 "," $14,176,268.00 "
Tejido de prendas de vestir de punto," $1,414,580,304.00 "," $1,510,414,294.00 "
"Telefonia celular y otras telecomunicaciones inalambricas, excepto los servicios de satelites"," $3,138,744,348.00 "," $3,825,187,743.00 "
"Telefonia tradicional, telegrafia y otras  telecomunicaciones alambricas"," $1,680,715,524,635.00 "," $1,722,494,735,028.00 "
Trabajos de acabados en edificaciones," $1,034,113,904,831.00 "," $1,050,777,651,750.00 "
"Transmision de programas de radio y television, excepto a traves de Internet"," $15,464,532,124.00 "," $19,237,609,553.00 "
Transporte aereo no regular," $95,123,000,402.00 "," $95,144,034,800.00 "
Transporte aereo regular," $213,052,748,873.00 "," $314,831,887,802.00 "
Transporte colectivo de pasajeros urbano y suburbano," $99,073,504,265.00 "," $110,745,962,160.00 "
Transporte de gas natural por ductos," $16,741,008,091.00 "," $31,552,396,497.00 "
Transporte de pasajeros interurbano y rural," $719,501,511.00 "," $1,121,882,157.00 "
Transporte de petroleo crudo por ductos," $1,449,703,546.00 "," $6,722,242,952.00 "
Transporte escolar y de personal," $116,299,543,465.00 "," $123,780,204,371.00 "
Transporte maritimo," $11,379,617,314,085.00 "," $12,130,921,166,081.00 "
Transporte por aguas interiores," $5,100,000.00 "," $5,100,000.00 "
Transporte por ductos de otros productos," $134,841,540.00 "," $134,841,540.00 "
Transporte por ferrocarril," $1,462,903,180.00 "," $1,463,610,307.00 "
Transporte turistico por agua," $371,870,152.00 "," $547,859,251.00 "
Transporte turistico por tierra," $32,969,512,094.00 "," $60,472,092,118.00 "
Uniones de credito e instituciones de ahorro," $2,128,357,990.00 "," $2,321,360,693.00 "
Veterinarios," $78,987,446.00 "," $82,570,000.00 "
Viveros forestales y recoleccion de productos forestales," $2,012,764,604.00 "," $2,014,281,600.00 "
Grand Total," $56,601,920,032,444.00 "," $65,368,475,741,414.00 "
,,
,,
,,
,,
,,
,,
,,
,,
,,
,,
,,
,,
,,
,,
,,
,,
,,
,,
,,
,,
,,
,,
,,
,,
,,
,,
,,
,,
,,
,,
,,
,,
,,
,,
,,
,,
,,
,,
,,
,,
,,
,,
,,
,,
,,
,,
,,
,,
,,
,,
,,
,,
,,
,,
,,
,,
,,
,,
,,
,,
,,
,,
,,
,,
,,
,,
,,
,,
,,
,,
,,
,,
,,
,,
,,
,,
,,
,,
,,
,,
,,
,,
,,
,,
,,
,,
,,
,,
,,
,,
,,
,,
,,
,,
,,
,,
,,
,,
,,
,,
,,
,,
,,
,,
,,
,,
,,
,,
,,
,,
,,
,,
,,
,,
,,
,,
,,
,,
,,
,,
,,
,,
,,
,,
,,
,,
,,
,,
,,
,,
,,
,,
,,
,,
,,
,,
,,
,,
,,
,,
,,
,,
,,
,,
,,
,,
,,
,,
,,
,,
,,
,,
,,
,,
,,
,,
,,
,,
,,
,,
,,
,,
,,
,,
,,
,,
,,
,,
,,
,,
,,
,,
,,
,,
,,
,,
,,
,,
,,
,,
,,
,,
,,
,,
,,
,,
,,
,,
,,
,,
,,
,,
,,
,,
,,
,,
,,
,,
,,
,,
,,
,,
,,
,,
,,
,,
,,
,,
,,
,,
,,
,,
,,
,,
,,
,,
,,
,,
,,
,,
,,
,,
,,
,,
,,
,,
,,
,,
,,
,,
,,
,,
,,
,,
,,
,,
,,
,,
,,
,,
,,
,,
,,
,,
,,
,,
,,
,,
,,
,,
,,
,,
,,
,,
,,
,,
,,
,,
,,
,,
,,
,,
,,
,,
,,
,,
,,
,,
,,
,,
,,
,,
,,
,,
,,
,,
,,
,,
,,
,,
,,
,,
,,
,,
,,
,,
,,
,,
,,
,,
,,
,,
,,
,,
,,
,,
,,
,,
,,
,,
,,
,,
,,
,,
,,
,,
,,
,,
,,
,,
,,
,,
,,
,,
,,
,,
,,
,,
,,
,,
,,
,,
,,
,,
,,
,,
,,
,,
,,
,,
,,
,,
,,
,,
,,
,,
,,
,,
,,
,,
,,
,,
,,
,,
,,
,,
,,
,,
,,
,,
,,
,,
,,
,,
,,
,,
,,
,,
,,
,,
,,
,,
,,
,,
,,
,,
,,
,,
,,
,,
,,
,,
,,
,,
,,
,,
,,
,,
,,
,,
,,
,,
,,
,,
,,
,,
,,
,,
,,
,,
,,
,,
,,
,,
,,
,,
,,
,,
,,
,,
,,
,,
,,
,,
,,
,,
,,
,,
,,
,,
,,
,,
,,
,,
,,
,,
,,
,,
,,
,,
,,
,,
,,
,,
,,
,,
,,
,,
,,
,,
,,
,,
,,
,,
,,
,,
,,
,,
,,
,,
,,
,,
,,
,,
,,
,,
,,
,,
,,
,,
,,
,,
,,
,,
,,
,,
,,
,,
,,
,,
,,
,,
,,
,,
,,
,,
,,
,,
,,
,,
,,
,,
,,
,,
,,
,,
,,
,,
,,
,,
,,
,,
,,
,,
,,
,,
,,
,,
,,
,,
,,
,,
,,
,,
,,
,,
,,
,,
,,
,,
,,
,,
,,
,,
,,
,,
,,
,,
,,
,,
,,
,,
,,
,,
,,
,,
,,
,,
,,
,,
,,
,,
,,
,,
,,
,,
,,
,,
,,
,,
,,
,,
,,
,,
,,
,,
,,
,,
,,
,,
,,
,,
,,
,,
,,
,,
,,
,,
,,
,,
,,
,,
,,
,,
,,
,,
,,
,,
,,
,,
,,
,,
,,
,,
,,
,,
,,
,,
,,
,,
,,
,,
,,
,,
,,
,,
,,
,,
,,
,,
,,
,,
,,
,,
,,
,,
,,
,,
,,
,,
,,
,,
,,
,,
,,
,,
,,
,,
,,
,,
,,
,,
,,
,,
,,
,,
,,
,,
,,
,,
,,
,,
,,
,,
